geoid,GEOID,NAME,over20,over35,over55,city,state,totalCells,meanNDVI,standardDevNDVI,countyGEOID,popOver20_2023,popOver35_2023,popOver55_2023,mortalityRate,DementiaRate,StrokeRate,rr_Mortality,rr_Mortality_low,rr_Mortality_high,paf_Mortality,paf_Mortality_low,paf_Mortality_high,ls_Mortality,ls_Mortality_low,ls_Mortality_high,ls_Mortality_Rate,ls_Mortality_low_Rate,ls_Mortality_high_Rate,rr_Mortality10,rr_Mortality_low10,rr_Mortality_high10,paf_Mortality10,paf_Mortality_low10,paf_Mortality_high10,ls_Mortality10,ls_Mortality_low10,ls_Mortality_high10,ls_Mortality10_Rate,ls_Mortality_low10_Rate,ls_Mortality_high10_Rate,ls_Mortality_Change,ls_Mortality_Change_low,ls_Mortality_Change_high,ls_Mortality_Change_Rate,ls_Mortality_Change_low_Rate,ls_Mortality_Change_high_Rate,rr_Stroke,rr_Stroke_low,rr_Stroke_high,paf_Stroke,paf_Stroke_low,paf_Stroke_high,ls_Stroke,ls_Stroke_low,ls_Stroke_high,ls_Stroke_Rate,ls_Stroke_low_Rate,ls_Stroke_high_Rate,rr_Stroke10,rr_Stroke_low10,rr_Stroke_high10,paf_Stroke10,paf_Stroke_low10,paf_Stroke_high10,ls_Stroke10,ls_Stroke_low10,ls_Stroke_high10,ls_Stroke10_Rate,ls_Stroke_low10_Rate,ls_Stroke_high10_Rate,ls_Stroke_Change,ls_Stroke_Change_low,ls_Stroke_Change_high,ls_Stroke_Change_Rate,ls_Stroke_Change_low_Rate,ls_Stroke_Change_high_Rate,rr_Dementia,rr_Dementia_low,rr_Dementia_high,paf_Dementia,paf_Dementia_low,paf_Dementia_high,ls_Dementia,ls_Dementia_low,ls_Dementia_high,ls_Dementia_Rate,ls_Dementia_low_Rate,ls_Dementia_high_Rate,rr_Dementia10,paf_Dementia10,ls_Dementia10,rr_Dementia_low10,paf_Dementia_low10,ls_Dementia_low10,rr_Dementia_high10,paf_Dementia_high10,ls_Dementia_high10,ls_Dementia_10_Rate,ls_Dementia_low10_Rate,ls_Dementia_high10_Rate,ls_Dementia_Change,ls_Dementia_Change_low,ls_Dementia_Change_high,ls_Dementia_Change_Rate,ls_Dementia_Change_low_Rate,ls_Dementia_Change_high_Rate,RPL_THEMES
01101005402,01101005402,Census Tract 54.02; Montgomery County; Alabama,3579,2222,892,Montgomery city,Alabama,0,NA,NA,01101,3579,2222,892,0.014011,0.007489313545,0.004155210934,NA,NA,NA,NA,NA,NA,NA,NA,NA,NA,NA,NA,NA,NA,NA,NA,NA,NA,NA,NA,NA,NA,NA,NA,NA,NA,NA,NA,NA,NA,NA,NA,NA,NA,NA,NA,NA,NA,NA,NA,NA,NA,NA,NA,NA,NA,NA,NA,NA,NA,NA,NA,NA,NA,NA,NA,NA,NA,NA,NA,NA,NA,NA,NA,NA,NA,NA,NA,NA,NA,NA,NA,NA,NA,NA,NA,NA,NA,NA,NA,NA,NA,NA,NA,NA,NA,NA,NA,NA,NA,0.8158
01101005609,01101005609,Census Tract 56.09; Montgomery County; Alabama,3588,2032,506,Montgomery city,Alabama,119786,0.6848326521118567,0.20238298884863004,01101,3588,2032,506,0.014011,0.007489313545,0.004155210934,0.7876193586735882,0.6963745864033362,0.8368291167336066,-0.2696488335229306,-0.4360087509293537,-0.19498710071573272,-13.555642705685331,-21.91879997006497,-9.802287794043734,-377.8049806489781,-610.8918609271174,-273.19642681281306,0.7690383901756629,0.6716255432822499,0.822054215882455,-0.3003252019337827,-0.488924907639719,-0.21646477893982288,-15.097788778607695,-24.57897284881309,-10.882002207600378,-420.7856404294229,-685.0326880940104,-377.8049806489781,-1.5421460729223622,-2.6601728787481207,-1.079714413556644,-42.980659780444874,-74.14082716689299,-30.09237495977269,0.8620464192580957,0.8195906306206954,0.9062319192637348,-0.16003033903978342,-0.22012131744682872,-0.1034702913713818,-1.3511983431652652,-1.8585698262850652,-0.8736398804546802,-66.49598145498352,-91.46505050615478,-42.99408860505316,0.8493441844217928,0.8034459825429173,0.8973529405493031,-0.17737899233485538,-0.2446387457623306,-0.1143887257870496,-1.4976797649325608,-2.065580001464059,-0.965828465325086,-73.70471284116933,-101.65255912716826,-47.530928411667624,-0.14648142176729562,-0.20701017517899367,-0.09218858487040592,-7.208731386185808,-10.187508621013468,-4.5368398066144655,0.8195906306206954,0.7788138060778395,0.9062319192637348,-0.22012131744682872,-0.28400394573905874,-0.1034702913713818,-0.8341701275346763,-1.0762592664144308,-0.3921102560644299,-164.85575642977793,-212.69945976569775,-77.49214546727865,0.8034459825429173,-0.2446387457623306,-0.9270811937684348,0.7595860948506361,-0.31650645895069807,-1.1994305517103214,0.8973529405493031,-0.1143887257870496,-0.4334866749167141,-183.2176272269634,-237.04161100994492,-85.66930334322413,-0.09291106623375844,-0.1231712852958906,-0.04137641885228416,-18.36187079718546,-24.342151244247155,-8.177157875945486,0.4449
01101005410,01101005410,Census Tract 54.10; Montgomery County; Alabama,3322,1188,540,Montgomery city,Alabama,16503,0.6067475426169197,0.19406042185731737,01101,3322,1188,540,0.014011,0.007489313545,0.004155210934,0.8131298589541587,0.7308463098169381,0.8569709267296004,-0.2298158639583009,-0.36827673146557904,-0.16690073001219735,-10.696674132273422,-17.141271795322364,-7.76831803788338,-321.99500699197534,-515.9925284564227,-233.8446128200897,0.7964818799470588,0.7082860109399416,0.8438450308582229,-0.2555213435194142,-0.4118590294801036,-0.18505171379982108,-11.893123905335802,-19.16978989571592,-8.613147265127752,-358.0109544050512,-577.0556862045731,-321.99500699197534,-1.1964497730623798,-2.028518100393555,-0.8448292272443725,-36.01594741307585,-61.06315774815035,-25.43134338483963,0.8793027006914924,0.8416533523420056,0.9182239758363102,-0.1372647885803035,-0.18813760702951532,-0.08905890753855443,-0.6775926106301456,-0.9287207128888572,-0.43962955309266416,-57.03641503620755,-78.17514418256373,-37.00585463742964,0.868065003491921,0.8272686816737049,0.9104235672009772,-0.1519874617423244,-0.2087971201530684,-0.0983898440529372,-0.7502694758807844,-1.0307041390575171,-0.4856907002943437,-63.15399628626132,-86.75960766477417,-40.88305558033196,-0.07267686525063877,-0.10198342616865996,-0.04606114720167953,-6.117581250053768,-8.584463482210435,-3.8772009429023178,0.8416533523420056,0.8052469669569805,0.9182239758363102,-0.18813760702951532,-0.24185503458521437,-0.08905890753855443,-0.7608716254710196,-0.9781172206805644,-0.3601746445669551,-140.90215286500364,-181.13281864454893,-66.69900825313982,0.8272686816737049,-0.2087971201530684,-0.8444234340644585,0.7879923611842768,-0.26904783505400487,-1.0880911414743577,0.9104235672009772,-0.0983898440529372,-0.3979110915482942,-156.37471001193674,-201.4983595322884,-73.68723917561003,-0.08355180859343891,-0.1099739207937932,-0.0377364469813391,-15.472557146933134,-20.36554088773948,-6.988230922470204,0.6373
01101005605,01101005605,Census Tract 56.05; Montgomery County; Alabama,2380,1608,533,Montgomery city,Alabama,28677,0.6874733216941443,0.1989255883225356,01101,2380,1608,533,0.014011,0.007489313545,0.004155210934,0.7867707829426576,0.6952376916349929,0.8361563030753688,-0.2710182198935103,-0.4383569993857733,-0.1959486477851292,-9.037422343848576,-14.617531405777886,-6.534138879799519,-379.7236278927973,-614.1819918394069,-274.54365041174447,0.7681270268947447,0.6704195031089846,0.8213272170736221,-0.30186800488277643,-0.49160338469067216,-0.21754153425353007,-10.06614482706194,-16.393094954504395,-7.254179158694378,-422.947261641258,-688.7855022901007,-379.7236278927973,-1.0287224832133646,-1.7755635487265096,-0.7200402788948592,-43.22363374846069,-74.60351045069368,-30.25379323087644,0.8614688068306027,0.8188547133916615,0.9058291232075396,-0.16080813614025352,-0.2212178590974245,-0.10396097274837177,-1.0744522947103563,-1.478084642003645,-0.6946234712426831,-66.81917255661419,-91.92068669176898,-43.19797706733104,0.8487181939455675,0.80265245528276,0.8969142157567216,-0.17824739369748327,-0.24586923445928793,-0.11493382804319308,-1.1909740749520463,-1.642794758425984,-0.7679394727462552,-74.06555192487852,-102.16385313594428,-47.75742989715517,-0.11652178024169024,-0.164710116422339,-0.07331600150357209,-7.246379368264318,-10.243166444175312,-4.559452829824135,0.8188547133916615,0.7779352247437384,0.9058291232075396,-0.2212178590974245,-0.2854540689161009,-0.10396097274837177,-0.8830583612487514,-1.139476728223047,-0.41499183928261824,-165.67699085342426,-213.78550248087183,-77.85963213557565,0.80265245528276,-0.24586923445928793,-0.9814618229692088,0.758643568466735,-0.31814206508210585,-1.269960805976215,0.8969142157567216,-0.11493382804319308,-0.4587933282509987,-184.13917879347255,-238.26656772536867,-86.07754751425868,-0.09840346172045744,-0.1304840777531684,-0.04380148896838048,-18.462187940048302,-24.48106524449689,-8.217915378683019,0.54990000000000006
01101005604,01101005604,Census Tract 56.04; Montgomery County; Alabama,2220,1802,970,Montgomery city,Alabama,1552595,0.8105564594137142,0.11536146599738084,01101,2220,1802,970,0.014011,0.007489313545,0.004155210934,0.7482161898336804,0.644255638205913,0.8053890178788417,-0.336512111856719,-0.5521788878476003,-0.24163600173454883,-10.467014062278366,-17.175204042744653,-7.515947685072135,-471.4871199224489,-773.6578397632726,-338.5562020302763,0.7268249235930416,0.6165439646016726,0.7881452703369818,-0.3758471504479014,-0.6219443501422723,-0.26880162533036195,-11.690507623334712,-19.345218283452297,-8.360918650958217,-526.5994424925545,-871.4062289843376,-471.4871199224489,-1.2234935610563458,-2.170014240707644,-0.8449709658860822,-55.11232257010566,-97.74838922106504,-38.061755220093794,0.8349710529226659,0.7852764697518471,0.8872518803254502,-0.19764630941357775,-0.273436857615264,-0.12707566157334374,-1.479914314903962,-2.0474104525798262,-0.9515031735035444,-82.12621059400455,-113.6187820521546,-52.80261784148416,0.8200466549353447,0.7665223859508412,0.8767012408688541,-0.2194428133833964,-0.30459334042741476,-0.1406394258196221,-1.6431197819602554,-2.2807005405787755,-1.053064436810751,-91.18311775584104,-126.5649578567578,-58.43864799171757,-0.16320546705629346,-0.23329008799894924,-0.10156126330720616,-9.056907161836484,-12.946175804603175,-5.636030150233416,0.7852764697518471,0.738065149051256,0.8872518803254502,-0.273436857615264,-0.3548939430149866,-0.12707566157334374,-1.986418730597026,-2.5781746540267796,-0.9231581892572468,-204.78543614402332,-265.79120144605974,-95.17094734610792,0.7665223859508412,-0.30459334042741476,-2.2127591792744385,0.7159854034489597,-0.39667651768167206,-2.8817097723510754,0.8767012408688541,-0.1406394258196221,-1.021693974049361,-228.11950301798336,-297.0834816856779,-105.32927567519184,-0.22634044867741257,-0.3035351183242958,-0.098535784792114,-23.334066873960055,-31.292280239618123,-10.158328329083917,0.1825
01101005403,01101005403,Census Tract 54.03; Montgomery County; Alabama,2401,1344,483,Montgomery city,Alabama,3420,0.8239750684091919,0.13093490172123062,01101,2401,1344,483,0.014011,0.007489313545,0.004155210934,0.7441288581154953,0.63892864570919,0.802103948254679,-0.3438532709677431,-0.5651199969130084,-0.246721203873798,-11.567365359049246,-19.010868960472333,-8.299802700729357,-481.7728179529049,-791.789627674816,-345.68107874757834,0.7224585946870135,0.61093864265715625,0.7846097841484911,-0.38416236910189183,-0.6368255830907973,-0.27451890124625983,-12.923379987321342,-21.42307435048907,-9.234928665192593,-538.2498953486606,-892.256324468516,-481.7728179529049,-1.3560146282720955,-2.4122053900167373,-0.9351259644632356,-56.47707739575576,-100.4666967937,-38.947353788556256,0.8321319778475657,0.781700019381606,0.8852497502604082,-0.20173244944467847,-0.27926311271053644,-0.12962471856765445,-1.126595742283375,-1.559573755350503,-0.7239026563896834,-83.82408796751302,-116.03971393976956,-53.861804790899065,0.8169800149945576,0.7626831208380681,0.8745253323679729,-0.2240201493872057,-0.31116052352274187,-0.14347745341152823,-1.2510637092845212,-1.7377081472632376,-0.8012646878181896,-93.08509741700308,-129.29376095708614,-59.61790831980578,-0.12446796700114617,-0.17813439191273495,-0.07736203142850617,-9.26100944949004,-13.254047017316587,-5.756103528906709,0.781700019381606,0.7338439420799945,0.8852497502604082,-0.27926311271053644,-0.36268754520970414,-0.12962471856765445,-1.0101891931060292,-1.3119635998069072,-0.4688964775386694,-209.14890126418825,-271.6280744941837,-97.08001605355474,0.7626831208380681,-0.31116052352274187,-1.1255729234447822,0.711482274560773,-0.40551639268503326,-1.4668900362160346,0.8745253323679729,-0.14347745341152823,-0.5190065078195023,-233.0378723488162,-303.7039412455558,-107.45476352370648,-0.11538373033875304,-0.1549264364091274,-0.05011003028083288,-23.88897108462796,-32.07586675137213,-10.374747470151735,0.7443
01101005503,01101005503,Census Tract 55.03; Montgomery County; Alabama,4196,3012,1394,Montgomery city,Alabama,364606,0.7374605543295375,0.19333501320729865,01101,4196,3012,1394,0.014011,0.007489313545,0.004155210934,0.770878802823086,0.6740632757545102,0.8235216554426265,-0.2972207775565163,-0.48354024906735016,-0.21429715101118985,-17.473655878988893,-28.42740667494837,-12.598562938303406,-416.436031434435,-677.4882429682643,-300.25173828177805,0.7510774346490429,0.6479936249693903,0.8076859464409822,-0.3314206416909218,-0.5432250588070796,-0.238104989205814,-19.484271226629392,-31.936285950377385,-13.99822945978812,-464.3534610731504,-761.1126298945992,-416.436031434435,-2.010615347640499,-3.5088792754290132,-1.3996665214847148,-47.91742963871542,-83.62438692633492,-33.35716209448796,0.8506074587447194,0.8050479588467735,0.8982379736585598,-0.1756304153219465,-0.24216202154278385,-0.1132907195260954,-2.198101643331204,-3.030777650498926,-1.4178894715246233,-72.97814220887132,-100.62342797141189,-47.07468364955589,0.8369549943439593,0.7877781456291928,0.8886496053431776,-0.1948073752565899,-0.26939291924797826,-0.1253029247830715,-2.4381107958983503,-3.3715858236473513,-1.5682281703598449,-80.94657356900233,-111.93844036013782,-52.06600831207984,-0.24000915256714617,-0.3408081731484254,-0.15033869883522155,-7.968431360131016,-11.315012388725942,-4.991324662523956,0.8050479588467735,0.7614895987676287,0.8982379736585598,-0.24216202154278385,-0.31321557328999533,-0.1132907195260954,-2.528196467386784,-3.270002871950709,-1.1827667900557974,-181.36273080249524,-234.57696355457023,-84.84697202695821,0.7877781456291928,-0.26939291924797826,-2.8124898464370585,0.7410207568201315,-0.3494898635379667,-3.648710201356123,0.8886496053431776,-0.1253029247830715,-1.3081754511775274,-201.75680390509743,-261.74391688350954,-93.84328918059738,-0.28429337905027463,-0.3787073294054139,-0.12540866112173,-20.394073102602196,-27.16695332893931,-8.996317153639168,0.1542
01101005612,01101005612,Census Tract 56.12; Montgomery County; Alabama,1375,1012,134,Montgomery city,Alabama,216792,0.7590510501010562,0.1639789300761242,01101,1375,1012,134,0.014011,0.007489313545,0.004155210934,0.7641143841426643,0.6651182078495349,0.818123703712678,-0.3087045876279363,-0.5034921434991344,-0.22230904136130047,-5.9472324687256455,-9.69983908102876,-4.2828114704556235,-432.5259977255015,-705.4428422566373,-311.47719785131807,0.7438308948041095,0.6385409009097698,0.801864290352316,-0.3443915908646865,-0.5660703935726537,-0.2470938187815159,-6.634747046957043,-10.905416890976367,-4.760293305553251,-482.5270579605122,-793.1212284346449,-432.5259977255015,-0.6875145782313972,-1.2055778099476058,-0.47748183509762754,-50.001060235010705,-87.67838617800768,-34.72595164346382,0.8459586714213384,0.7991567633969193,0.8949789066825552,-0.18209084413053991,-0.25131894742324457,-0.11734476928258522,-0.7657053769106593,-1.05681463711349,-0.49344337559115387,-75.66258665125092,-104.42832382544368,-48.75922683707054,0.8319247811257228,0.7814391710789023,0.8851035441033591,-0.2020317493690301,-0.2796901371342051,-0.12981131604555377,-0.8495583484012615,-1.1761175741434324,-0.5458661205868875,-83.94845339933414,-116.21715159520085,-53.939339978941454,-0.08385297149060222,-0.11930293702994232,-0.05242274499573368,-8.285866748083224,-11.788827769757146,-5.180113141870917,0.7991567633969193,0.7544943448151443,0.8949789066825552,-0.25131894742324457,-0.3253909812206824,-0.11734476928258522,-0.25221565720497446,-0.3265519811323042,-0.11776345718307736,-188.22063970520483,-243.69550830768972,-87.88317700229653,0.7814391710789023,-0.2796901371342051,-0.2806880757472427,0.7335362619927044,-0.3632591213465406,-0.3645552353512896,0.8851035441033591,-0.12981131604555377,-0.13027448477226838,-209.468713244211,-272.05614578454447,-97.21976475542417,-0.02847241854226823,-0.03800325421898543,-0.01251102758919102,-21.248073539006143,-28.36063747685479,-9.33658775312763,0.2197
01101005610,01101005610,Census Tract 56.10; Montgomery County; Alabama,1025,718,343,Montgomery city,Alabama,169638,0.806138133363937,0.16079480500332727,01101,1025,718,343,0.014011,0.007489313545,0.004155210934,0.7495669268414524,0.6460193508149271,0.8064736296932551,-0.33410368599616574,-0.5479412477947304,-0.23996614790784085,-4.798154913104585,-7.869134943423267,-3.4462198407951767,-468.1126744492278,-767.7204822851967,-336.21656983367575,0.7282683856495026,0.6184008526505024,0.7893128776772668,-0.3731201569434528,-0.6170740963793003,-0.2669247243789157,-5.358481181908084,-8.861970793479635,-3.833379371104812,-522.7786518934716,-864.5825164370376,-468.1126744492278,-0.5603262688034993,-0.9928358500563688,-0.38715953030963535,-54.66597744424384,-96.86203415184085,-37.77166149362296,0.8359079892655976,0.786457659698091,0.8879121092566431,-0.19630391483465595,-0.2715242679229351,-0.12623759668870435,-0.5856612364351205,-0.8100767557683629,-0.3766224785867207,-81.56841733079672,-112.82406069197256,-52.454384204278654,0.8210589200493574,0.7677907599540508,0.8774188832587128,-0.21793938970894516,-0.3024381799799805,-0.1397064949024392,-0.6502094089787493,-0.9023066023999262,-0.4168061478116512,-90.5584135067896,-125.66944323118749,-58.05099551694306,-0.06454817254362888,-0.0922298466315633,-0.04018366922493049,-8.98999617599288,-12.845382539214944,-5.596611312664415,0.786457659698091,0.7394603667390178,0.8879121092566431,-0.2715242679229351,-0.3523375220364393,-0.12623759668870435,-0.6975009195001464,-0.9050967984363396,-0.32428349936975354,-203.3530377551447,-263.8766176199241,-94.54329427689608,0.7677907599540508,-0.3024381799799805,-0.7769136447422811,0.717474370721571,-0.3937780090936073,-1.011550553189165,0.8774188832587128,-0.1397064949024392,-0.3588828703968778,-226.5054357849216,-294.91269772278866,-104.63057445973114,-0.07941272524213472,-0.10645375475282536,-0.03459937102712424,-23.152398029776887,-31.036080102864545,-10.087280182835055,0.8081
01101005413,01101005413,Census Tract 54.13; Montgomery County; Alabama,1954,1673,895,Montgomery city,Alabama,202648,0.7500414580318073,0.18427864361426863,01101,1954,1673,895,0.014011,0.007489313545,0.004155210934,0.7669298911497546,0.6688364109443263,0.8203719233941933,-0.303900149857029,-0.4951339126231266,-0.21895931769899735,-8.320024529309912,-13.555525722036172,-5.994557406548394,-425.79449996468327,-693.7321249762628,-306.78390002806526,0.7468462956413957,0.6424685877038018,0.8042885154740318,-0.3389635937622138,-0.5564963317101994,-0.24333492367551676,-9.279973754443445,-15.235474982417994,-6.661900412916918,-474.92189122023774,-779.7070103591603,-425.79449996468327,-0.9599492251335332,-1.6799492603818216,-0.6673430063685233,-49.1273912555544,-85.97488538289772,-34.15266153370129,0.8478954871830239,0.8016098664238677,0.8963374568114969,-0.1793906384881411,-0.24748963540230365,-0.11565124541069326,-1.2470641418077952,-1.7204657521730198,-0.8039690494586377,-74.54059425031652,-102.83716390753256,-48.055531946123,0.8340201746106588,0.7840781642164423,0.8865815718232588,-0.1990117630749456,-0.2753830493409241,-0.1279277979391064,-1.383463683614235,-1.9143715022646268,-0.8893115655020036,-82.69358539236313,-114.42746576596694,-53.156698475911746,-0.1363995418064401,-0.19390575009160704,-0.08534251604336596,-8.152991142046629,-11.590301858434373,-5.10116652978876,0.8016098664238677,0.7574055779609742,0.8963374568114969,-0.24748963540230365,-0.32029658758537116,-0.11565124541069326,-1.6589070934056978,-2.146927406779257,-0.7752028526816295,-185.3527478665584,-239.8801571820399,-86.6148438750424,0.7840781642164423,-0.2753830493409241,-1.8458748513356855,0.7366502644661203,-0.3574962885878277,-2.396274607785202,0.8865815718232588,-0.1279277979391064,-0.8574917939491984,-206.2430001492386,-267.7401796408047,-95.80913898873725,-0.186967757929988,-0.249347201005945,-0.08228894126756892,-20.890252282680223,-27.8600224587648,-9.194295113694851,0.0807
01101005501,01101005501,Census Tract 55.01; Montgomery County; Alabama,1907,1454,715,Montgomery city,Alabama,604952,0.783650282213234,0.1781344630619022,01101,1907,1454,715,0.014011,0.007489313545,0.004155210934,0.7564796239551849,0.6550711835087081,0.8120166306540683,-0.3219126706567336,-0.5265516560258015,-0.23150187108177048,-8.601177243285841,-14.0689215866653,-6.18549316889079,-451.0318428571495,-737.7515252577504,-324.3572715726686,0.7356596871185067,0.627938837763489,0.795282482356041,-0.35932417870671085,-0.5925117859593939,-0.2574148459016462,-9.600774466408495,-15.831308781277968,-6.877861347104629,-503.4491067859726,-830.1682633077068,-451.0318428571495,-0.999597223122656,-1.7623871946126697,-0.6923681782138384,-52.41726392882307,-92.41673804995644,-36.30666902012786,0.8406930103651431,0.7924971252999903,0.8912800825075431,-0.1894948425533646,-0.26183423015126017,-0.12198176490894128,-1.1448665746526636,-1.5819177670530638,-0.736974386635656,-78.73910417143492,-108.79764560199888,-50.68599632982503,0.8262304192482441,0.7742789725496242,0.8810805648968308,-0.21031612574838657,-0.2915241604806841,-0.13496999007927715,-1.2706620361552363,-1.7612947272906565,-0.815445043996119,-87.39078653062147,-121.13443791545092,-56.0828778539284,-0.1257954615025727,-0.17937696023759275,-0.07847065736046299,-8.651682359186568,-12.336792313452047,-5.396881524103369,0.7924971252999903,0.7466025528568739,0.8912800825075431,-0.26183423015126017,-0.3394007242186636,-0.12198176490894128,-1.4020854321877834,-1.8174430853676573,-0.6531951741855108,-196.09586464164803,-254.18784410736464,-91.35596841755395,0.7742789725496242,-0.2915241604806841,-1.5610708283046597,0.7251008556818654,-0.3791184938812777,-2.0301261490403126,0.8810805648968308,-0.13496999007927715,-0.7227452910315109,-218.33158437827407,-283.9337271385053,-101.0832574869246,-0.15898539611687634,-0.21268306367265533,-0.0695501168460001,-22.23571973662606,-29.745883031140607,-9.727289069370643,0.6231
01101005411,01101005411,Census Tract 54.11; Montgomery County; Alabama,2281,1825,803,Montgomery city,Alabama,123647,0.655006697156754,0.20237864084052187,01101,2281,1825,803,0.014011,0.007489313545,0.004155210934,0.7972676749028177,0.7093454507373796,0.844466137321103,-0.2542838891867706,-0.4097503535977834,-0.1841801059925227,-8.126681954353916,-13.095248837913736,-5.886228767804679,-356.27715713958423,-574.1012204258543,-258.0547465061236,0.7794074840117419,0.6853991580281847,0.8303103722795343,-0.28302591457401877,-0.4590038348994855,-0.20436891237983665,-9.045250959229293,-14.669345328901631,-6.531444668318225,-396.5476089096576,-643.110273077669,-356.27715713958423,-0.9185690048753744,-1.5740964909878947,-0.6452159005135458,-40.27045177007341,-69.00905265181477,-28.286536629265488,0.8685974153518631,0.8279487663360956,0.9107938939655436,-0.15128134429792955,-0.20780420318189388,-0.09794324119374392,-1.14720576008498,-1.5758332923764276,-0.7427290587633502,-62.86058959369754,-86.34702971925631,-40.697482671964394,0.8564467900747141,0.81246340709932,0.9023231950451616,-0.1676148612954258,-0.23082466393191609,-0.1082503536329349,-1.2710670654490552,-1.7504034305173608,-0.8208905717705114,-69.64751043556467,-95.9125167406773,-44.980305302493775,-0.12386130536407514,-0.17457013814093325,-0.07816151300716123,-6.78692084186713,-9.565487021421,-4.282822630529383,0.8279487663360956,0.7888064102021591,0.9107938939655436,-0.20780420318189388,-0.26773817639706443,-0.09794324119374392,-1.2497175993792662,-1.6101556462563196,-0.5890226972595471,-155.631083359809,-200.5175151004134,-73.35276429135082,0.81246340709932,-0.23082466393191609,-1.3881607805306138,0.770313438386063,-0.2981728607710248,-1.7931873660738396,0.9023231950451616,-0.1082503536329349,-0.6510088342904861,-172.8718282105372,-223.3110044923835,-81.07208397141794,-0.13844318115134757,-0.18303171981752,-0.06198613703093891,-17.240744850728216,-22.79348939197011,-7.7193196800671124,0.032
01101005607,01101005607,Census Tract 56.07; Montgomery County; Alabama,3443,2845,796,Montgomery city,Alabama,147292,0.6886780599528067,0.18217061661306241,01101,3443,2845,796,0.014011,0.007489313545,0.004155210934,0.7863839456296013,0.6947196290867328,0.8358495286940029,-0.271643458081245,-0.4394296031545616,-0.19638758612746812,-13.104045919120082,-21.19802824861645,-9.473712213565625,-380.5996491176324,-615.6848169798562,-275.1586469231956,0.7677115994471982,0.6698699976279457,0.8209957559844123,-0.30257247737309734,-0.4928269717125212,-0.21803309299809137,-14.596057881773588,-23.773910526386615,-10.517888716025114,-423.93429804744665,-690.4998700664135,-380.5996491176324,-1.492011962653505,-2.575882277770166,-1.0441765024594911,-43.334648929814264,-74.81505308655724,-30.32751967643018,0.8612054144476844,0.8185191894317306,0.9056454172393036,-0.1611631594784254,-0.2217184556103873,-0.10418490610632047,-1.9052023942926928,-2.6210613756572343,-1.2316296925755732,-66.96669224227391,-92.12869510218748,-43.29102610107463,0.8484327550105668,0.8022906890640495,0.8967141299996493,-0.1786437924447477,-0.246431017623547,-0.11518260563195444,-2.1118510098259926,-2.9132027835878804,-1.3616398235246026,-74.23026396576424,-102.39728589061092,-47.8608022328507,-0.20664861553330005,-0.29214140793064614,-0.13001013094902936,-7.263571723490336,-10.268590788423412,-4.569776131776076,0.8185191894317306,0.7775347236843325,0.9056454172393036,-0.2217184556103873,-0.28611619460738713,-0.10418490610632047,-1.3217731500923666,-1.7056798578067005,-0.6210976490753489,-166.0519032779355,-214.28138917169605,-78.02734284866193,0.8022906890640495,-0.246431017623547,-1.4690969299241468,0.7582139533870663,-0.3188889435928153,-1.9010543905419284,0.8967141299996493,-0.11518260563195444,-0.6866603642122006,-184.55991581961644,-238.82592846004124,-86.26386485077897,-0.14732377983178013,-0.19537453273522787,-0.06556271513685163,-18.508012541680923,-24.544539288345213,-8.23652200211704,0.1164
01101005608,01101005608,Census Tract 56.08; Montgomery County; Alabama,899,673,245,Montgomery city,Alabama,527190,0.8009329571636729,0.1242934378630312,01101,899,673,245,0.014011,0.007489313545,0.004155210934,0.7511613425330281,0.6481033549050182,0.8077532718192797,-0.3312719164006108,-0.5429637764281492,-0.23800179446841296,-4.172664287799373,-6.839111458909784,-2.9978441849249435,-464.14508206889576,-760.7465471534799,-333.4643142296934,0.7299725891163161,0.6205956063077405,0.7906906411554029,-0.3699144528297581,-0.6113552687708214,-0.2647171320236473,-4.6594013873393685,-7.700563105002432,-3.3343476113682065,-518.287139859774,-856.5698670747978,-464.14508206889576,-0.4867370995399955,-0.8614516460926485,-0.3365034264432629,-54.14205779087826,-95.82331992131796,-37.43085944863881,0.8370131315449134,0.7878514849180229,0.8886905472871436,-0.19472438640747997,-0.2692747543708081,-0.1252510821147413,-0.5445383653748076,-0.7530152606307052,-0.35025926014969383,-80.91208995168017,-111.88934036117462,-52.044466589850494,0.822253060536174,0.76928770894098,0.8782650827506525,-0.21617060245166003,-0.2999037790121776,-0.1386083992637894,-0.6045117854668078,-0.8386680097236423,-0.387612422639136,-89.8234450916505,-124.616346169932,-57.59471361651353,-0.05997342009200024,-0.08565274909293707,-0.0373531624894422,-8.911355139970318,-12.727005808757369,-5.5502470266630315,0.7878514849180229,0.7411074399726447,0.8886905472871436,-0.2692747543708081,-0.3493320213286637,-0.1252510821147413,-0.49408735098278106,-0.6409829745645526,-0.22982093332292064,-201.6683065235841,-261.625703903899,-93.80446258078392,0.76928770894098,-0.2999037790121776,-0.5502879914163841,0.7192324781838865,-0.3903710279116867,-0.7162847015940692,0.8782650827506525,-0.1386083992637894,-0.25433003170398116,-224.6073434352588,-292.36110269145684,-103.8081762057066,-0.05620064043360301,-0.07530172702951665,-0.02450909838106052,-22.939036911674695,-30.735398787557816,-10.003713624922662,0.0238
01101005412,01101005412,Census Tract 54.12; Montgomery County; Alabama,3531,2570,1127,Montgomery city,Alabama,230018,0.6413467414301328,0.217939842484968,01101,3531,2570,1127,0.014011,0.007489313545,0.004155210934,0.8017258703232127,0.7153663558028648,0.8479870392724063,-0.2473091327299365,-0.3978851421907971,-0.17926330673405644,-12.235085401396043,-19.684508375867697,-8.868665071188202,-346.504825867914,-557.4768727235258,-251.16581906508645,0.7842029786242813,0.691801281579367,0.8341192344278641,-0.27518005829854025,-0.44550180323028904,-0.1988693687011261,-13.613939270574413,-22.040239876425375,-9.838632657521186,-385.5547796820847,-624.192576505958,-346.504825867914,-1.3788538691783678,-2.3557315005576775,-0.9699675863329844,-39.04995381417071,-66.7157037824321,-27.470053422061294,0.8716142971972913,0.8318051051090078,0.9128908880476774,-0.147296462684857,-0.2022046917696547,-0.09542116488709348,-1.572963031779237,-2.1593220855987383,-1.01899232392184,-61.20478722876408,-84.0203146147369,-39.649506767386775,0.8597195049944082,0.8166270090027704,0.9046086983796228,-0.1631700737166644,-0.22454926052612045,-0.10545034752733054,-1.7424756112313098,-2.397937324378558,-1.126092883191936,-67.80060744090699,-93.30495425597502,-43.81684370396638,-0.16951257945207288,-0.23861523877981972,-0.10710055927009576,-6.595820212142914,-9.284639641238122,-4.167336936579602,0.8318051051090078,0.7934256188652992,0.9128908880476774,-0.2022046917696547,-0.2603575889446686,-0.09542116488709348,-1.7066998777235192,-2.1975368688400585,-0.8053981785474983,-151.4374336933025,-194.98996174268487,-71.46390226685877,0.8166270090027704,-0.22454926052612045,-1.8952982353120147,0.7752768949800495,-0.2898617338850701,-2.4465653168024963,0.9046086983796228,-0.10545034752733054,-0.890049057001191,-168.17198183780076,-217.0865409762641,-78.9750716061394,-0.18859835758849552,-0.24902844796243784,-0.08465087845369268,-16.73454814449827,-22.09657923357922,-7.511169339280628,0.3143
01101005409,01101005409,Census Tract 54.09; Montgomery County; Alabama,1390,966,424,Montgomery city,Alabama,15321,0.7356569643010389,0.1682741891563793,01101,1390,966,424,0.014011,0.007489313545,0.004155210934,0.7714465801377242,0.6748159358512562,0.8239741889546368,-0.2962660354544223,-0.4818855733431009,-0.2136302488657859,-5.769866957625156,-9.38486128767316,-4.160511049433351,-415.09834227519104,-675.1698768110186,-299.3173416858526,0.7516859693126794,0.6487895751427663,0.8081741746447443,-0.3303427772030546,-0.5413317943340101,-0.23735703437885547,-6.433521385434877,-10.542593680875203,-4.622597078068179,-462.8432651391998,-758.4599770413815,-415.09834227519104,-0.6636544278097212,-1.1577323932020445,-0.46208602863482806,-47.74492286400872,-83.29010023036291,-33.243599182361734,0.8509969554416511,0.8055420485354667,0.898510760552143,-0.1750923356488616,-0.2414001253169487,-0.11295272566963024,-0.7028090375711242,-0.9689641132196332,-0.4533847591028134,-72.75455875477476,-100.30684401859556,-46.93424007275501,0.8373765736888629,0.788310001522131,0.8889464723409208,-0.19420584647447017,-0.2685364870027289,-0.12492712566442236,-0.7795294039890507,-1.0778876715746508,-0.5014492075245238,-80.69662567174437,-111.58257469716882,-51.909855851399975,-0.07672036641792646,-0.10892355835501766,-0.04806444842171042,-7.942066916969612,-11.275730678573256,-4.975615778644971,0.8055420485354667,0.7620768833034138,0.898510760552143,-0.2414001253169487,-0.31220356096519897,-0.11295272566963024,-0.7665586007995907,-0.9913927117639728,-0.3586778724001459,-180.79212283009215,-233.8190357933898,-84.5938378302231,0.788310001522131,-0.2685364870027289,-0.8527292745609717,0.7416494292150878,-0.3483459443342836,-1.106161727681392,0.8889464723409208,-0.12492712566442236,-0.3967022076956256,-201.1153949436254,-260.8871999248566,-93.56184143764754,-0.08617067376138099,-0.11476901591741928,-0.03802433529547966,-20.32327211353325,-27.068164131466816,-8.968003607424448,0.4029
01101005101,01101005101,Census Tract 51.01; Montgomery County; Alabama,2417,1820,729,Montgomery city,Alabama,0,NA,NA,01101,2417,1820,729,0.014011,0.007489313545,0.004155210934,NA,NA,NA,NA,NA,NA,NA,NA,NA,NA,NA,NA,NA,NA,NA,NA,NA,NA,NA,NA,NA,NA,NA,NA,NA,NA,NA,NA,NA,NA,NA,NA,NA,NA,NA,NA,NA,NA,NA,NA,NA,NA,NA,NA,NA,NA,NA,NA,NA,NA,NA,NA,NA,NA,NA,NA,NA,NA,NA,NA,NA,NA,NA,NA,NA,NA,NA,NA,NA,NA,NA,NA,NA,NA,NA,NA,NA,NA,NA,NA,NA,NA,NA,NA,NA,NA,NA,NA,NA,NA,0.5081
01101005414,01101005414,Census Tract 54.14; Montgomery County; Alabama,3092,1842,350,Montgomery city,Alabama,66285,0.7673425453080306,0.16934974469927003,01101,3092,1842,350,0.014011,0.007489313545,0.004155210934,0.7615324172651995,0.661714626293895,0.8160601197978712,-0.3131417354381061,-0.5112254743419535,-0.22539991324130465,-13.565930020350455,-22.147316134147804,-9.764777746238758,-438.7428855223304,-716.2780121005111,-315.8078184423919,0.7410665912388892,0.634947485505196,0.7996397417439699,-0.34940639859129935,-0.5749333965853097,-0.25056315712755284,-15.136988192649056,-24.90727150606955,-10.85490009983773,-489.5533050662696,-805.5391819556775,-438.7428855223304,-1.5710581722985977,-2.7599553719217447,-1.0901223535989717,-50.81041954393911,-89.26116985516639,-35.25622100902236,0.8441801363845387,0.7969058154103553,0.8937304574276277,-0.1845812959812201,-0.25485343520183024,-0.1189055846639061,-1.4127665119009694,-1.9506223357143504,-0.9100912809078088,-76.69742192730561,-105.89697805181056,-49.40777855091253,0.8300010501372572,0.7790183643163637,0.8837454978710922,-0.20481775274215624,-0.28366678605524426,-0.13154749009636849,-1.5676542987669326,-2.171156799756136,-1.0068511424455615,-85.10609656715161,-117.86953310293896,-54.6607569188687,-0.15488778686596327,-0.22053446404178545,-0.09675986153775262,-8.408674639845998,-11.97255505112842,-5.252978367956168,0.7969058154103553,0.7518250360361417,0.8937304574276277,-0.25485343520183024,-0.33009670078601644,-0.1189055846639061,-0.6680370494863965,-0.8652691923247838,-0.3116824220298377,-190.8677284246847,-247.2197692356525,-89.05212057995362,0.7790183643163637,-0.28366678605524426,-0.7435643260745554,0.7306820896968486,-0.36858425038841214,-0.9661550566176624,0.8837454978710922,-0.13154749009636849,-0.3448201397863201,-212.44695030701584,-276.04430189076066,-98.5200399389486,-0.07552727658815883,-0.10088586429287848,-0.03313771775648239,-21.579221882331098,-28.82453265510814,-9.467919358994967,0.2092
01101005611,01101005611,Census Tract 56.11; Montgomery County; Alabama,2230,1733,612,Montgomery city,Alabama,189650,0.7104514131481999,0.1966720776196733,01101,2230,1733,612,0.014011,0.007489313545,0.004155210934,0.7794252869936198,0.6854228880494968,0.8303245234304125,-0.2829966087669231,-0.4589533227372858,-0.2043483864219597,-8.842096032516391,-14.339780860864806,-6.384769290012512,-396.5065485433359,-643.0395004872111,-286.31252421580774,0.7602421434331662,0.6600159985507534,0.8150282296151332,-0.3153703838149709,-0.5151147884229699,-0.22695136642348307,-9.853599418218373,-16.094519460325134,-7.090988776759509,-441.8654447631557,-721.727330059423,-396.5065485433359,-1.0115033857019815,-1.7547385994603282,-0.7062194867469964,-45.358896219819805,-78.68782957221202,-31.66903528013437,0.856458953890135,0.8124788720989914,0.9023316950953728,-0.16759827830380547,-0.23080123599590815,-0.10823991380941578,-1.2068719420482397,-1.6619952110044505,-0.7794335139261248,-69.64061985275474,-95.9027819390912,-44.97596733561021,0.8432905031639667,0.7957804835895442,0.893105643818425,-0.1858309755037799,-0.25662795283603634,-0.119688367128164,-1.3381652399341704,-1.8479728966049815,-0.8618736035862378,-77.21669012891924,-106.63432755943344,-49.73304117635532,-0.1312932978859307,-0.1859776856005313,-0.08244008966011296,-7.5760702761644945,-10.731545620342256,-4.757073840745122,0.8124788720989914,0.7703318622625334,0.9023316950953728,-0.23080123599590815,-0.29814181262464057,-0.10823991380941578,-1.0578682076435009,-1.3665210395597904,-0.496113303392724,-172.85428229468968,-223.28775156205725,-81.06426526024902,0.7957804835895442,-0.25662795283603634,-1.1762439283587356,0.7504912748674104,-0.3324605275080252,-1.5238194926883433,0.893105643818425,-0.119688367128164,-0.5485868299764776,-192.1967203200548,-248.9901131843698,-89.63837091118914,-0.11837572071523472,-0.15729845312855284,-0.05247352658375359,-19.34243802536515,-25.70236162231256,-8.57410565094013,0.4041
01101005407,01101005407,Census Tract 54.07; Montgomery County; Alabama,2857,1657,581,Montgomery city,Alabama,136487,0.6591750177004995,0.2177025229043476,01101,2857,1657,581,0.014011,0.007489313545,0.004155210934,0.7959122044926192,0.7075182889499817,0.8433946518704901,-0.2564199849623908,-0.413391025529653,-0.18568454018790465,-10.26434506939312,-16.54780587889438,-7.432845746480295,-359.2700409308058,-579.2021658695968,-260.1626092572732,0.7779499919314125,0.6834573804259333,0.8291515692454462,-0.2854296681941022,-0.4631490252937149,-0.20605211048449343,-11.425586066610036,-18.539590098115912,-8.248147914834965,-399.9155081067566,-648.9180993390239,-359.2700409308058,-1.1612409972169146,-1.9917842192215325,-0.8153021683546697,-40.645467175950806,-69.7159334694271,-28.53700274255057,0.8676788982084973,0.82677557277884,0.910154958244908,-0.15250008046145527,-0.20951807591380917,-0.098714005720898515,-1.0499911929317611,-1.442570612447062,-0.6796641438635594,-63.367000176931874,-87.05917999077019,-41.01775159104161,0.8554506077442029,0.8111971207734002,0.9016269267366418,-0.16897456258400403,-0.23274599279469085,-0.1091061838840714,-1.1634210421780378,-1.6024991061322909,-0.751216208057173,-70.21249500169208,-96.71086941051846,-45.3359208242108,-0.11342984924627664,-0.15992849368522877,-0.0715520641936136,-6.845494824760207,-9.651689419748266,-4.318169233169197,0.82677557277884,0.787402226111716,0.910154958244908,-0.20951807591380917,-0.26999894950528225,-0.098714005720898515,-0.9116741536047686,-1.1748440447957609,-0.4295333814136318,-156.9146563863629,-202.21067896656817,-73.93001401267327,0.8111971207734002,-0.23274599279469085,-1.0127455832177972,0.7688051822570129,-0.30071964013595615,-1.3085187146624082,0.9016269267366418,-0.1091061838840714,-0.47475277448842346,-174.31077163817508,-225.2183674117742,-81.71304208062365,-0.10107142961302862,-0.13367466986664733,-0.04521939307479172,-17.396115251812155,-23.00768844520608,-7.783028067950383,0.3548
